{
  "mse": 0.0024533134778950963,
  "mae": 0.03713619909033312,
  "mean_cosine": 0.8359560015052727
}