{
  "k=5": {
    "rmse": 0.00010225806540696989,
    "mae": 7.428319077007473e-05,
    "ndcg@5": 0.009509598211688572,
    "recall@5": 0.014579027444999008,
    "precision@5": 0.006397896581945662
  },
  "k=10": {
    "rmse": 0.00010225806540696989,
    "mae": 7.428319077007473e-05,
    "ndcg@10": 0.01399472823424687,
    "recall@10": 0.027020771072353827,
    "precision@10": 0.005893952673093778
  },
  "k=20": {
    "rmse": 0.00010225806540696989,
    "mae": 7.428319077007473e-05,
    "ndcg@20": 0.021358240162552316,
    "recall@20": 0.051522822780282106,
    "precision@20": 0.005828220858895706
  }
}