{
  "k=5": {
    "rmse": 0.19868929949698821,
    "mae": 0.177071213722229,
    "ndcg@5": 0.013725389666430257,
    "recall@5": 0.0168852843736255,
    "precision@5": 0.007532070142403201
  },
  "k=10": {
    "rmse": 0.19868929949698821,
    "mae": 0.177071213722229,
    "ndcg@10": 0.020010092248581208,
    "recall@10": 0.0332691797128112,
    "precision@10": 0.007767447334353301
  }
}