{
  "n_overlap_total_in_mapping": 1062,
  "n_overlap_used_in_eval": 1062,
  "n_overlap_missing_in_movies": 0,
  "embedding_metrics_ot_vs_movies": {
    "mse": 0.002453313209116459,
    "mae": 0.037136200815439224,
    "cosine_mean": 0.8359559774398804,
    "cosine_std": 0.08431835472583771,
    "cosine_min": 0.07098840177059174,
    "cosine_max": 0.9507064819335938
  },
  "embedding_metrics_books_vs_movies_identity": {
    "mse": 0.016768531873822212,
    "mae": 0.10550715774297714,
    "cosine_mean": -0.029959142208099365,
    "cosine_std": 0.06623148918151855,
    "cosine_min": -0.23764845728874207,
    "cosine_max": 0.16927003860473633
  }
}