{
  "k=5": {
    "rmse": 0.2719974061398735,
    "mae": 0.22155119478702545,
    "ndcg@5": 0.032640626550841066,
    "recall@5": 0.03813803465890738,
    "precision@5": 0.017659947414548644
  },
  "k=10": {
    "rmse": 0.2719974061398735,
    "mae": 0.22155119478702545,
    "ndcg@10": 0.041600060002636385,
    "recall@10": 0.0634617331084322,
    "precision@10": 0.014658194566170027
  },
  "k=20": {
    "rmse": 0.2719974061398735,
    "mae": 0.22155119478702545,
    "ndcg@20": 0.053579593608072344,
    "recall@20": 0.10206089364635955,
    "precision@20": 0.012324715162138476
  }
}